"","wage","education","experience","age","raceColor","dad_education","mom_education","rural","city","z1","z2","IQscore","logWage"
"191",951,12,10,28,0,NA,12,0,1,1,1,122,6.85751406254539
"2059",288,8,11,25,1,NA,7,1,0,0,1,NA,5.66296048013595
"2072",509,12,6,24,0,12,9,1,1,0,0,127,6.23244801655052
"945",647,18,5,29,0,12,12,0,1,0,1,110,6.4723462945009
"1920",225,10,11,27,1,5,5,1,0,0,1,NA,5.41610040220442
"1927",454,10,11,27,1,NA,1,1,0,0,1,NA,6.11809719804135
"1481",565,12,10,28,1,NA,NA,1,1,0,1,NA,6.33682573114644
"2571",479,13,15,34,0,7,12,1,1,0,1,NA,6.17170059741091
"437",615,16,7,29,0,12,12,0,1,1,1,113,6.42162226780652
"1265",641,12,16,34,0,4,8,0,0,0,1,92,6.46302945692067
"603",740,13,10,29,0,16,16,0,0,0,0,108,6.60665018619822
"2936",619,17,6,29,0,8,13,0,1,0,0,138,6.4281052726846
"1484",670,13,8,27,1,NA,NA,1,1,0,1,99,6.50727771238501
"1123",583,12,10,28,0,14,8,0,1,1,1,94,6.36818718635049
"2548",624,9,9,24,1,NA,7,1,0,1,0,NA,6.43615036836943
"2080",813,12,6,24,0,9,9,1,1,1,1,NA,6.70073110954781
"1072",480,11,8,25,0,10,8,0,0,0,0,NA,6.17378610390194
"1119",606,12,15,33,0,8,12,0,1,1,1,NA,6.40687998606931
"574",400,12,8,26,0,NA,12,0,0,0,1,117,5.99146454710798
"2341",740,12,6,24,0,8,11,0,0,0,0,NA,6.60665018619822
"11",225,9,13,28,0,11,12,0,1,1,1,84,5.41610040220442
"2783",500,10,18,34,0,7,12,1,1,1,0,70,6.21460809842219
"2061",673,12,14,32,0,NA,6,1,0,0,1,93,6.51174532964473
"755",668,6,19,31,0,3,3,0,1,1,1,NA,6.50428817353665
"1987",693,16,4,26,0,14,16,1,1,1,1,113,6.5410299991899
"1424",400,12,7,25,1,11,11,1,1,1,1,76,5.99146454710798
"2700",575,12,8,26,1,NA,NA,0,1,1,0,NA,6.35437004079735
"912",462,14,5,25,0,10,11,0,1,0,1,102,6.13556489108174
"2770",1282,16,6,28,0,12,12,1,1,1,0,98,7.15617663748062
"779",500,12,6,24,0,12,8,0,1,1,1,113,6.21460809842219
"1321",962,16,11,33,0,14,8,0,1,0,1,106,6.86901445066571
"2109",758,17,5,28,0,9,13,0,1,1,1,128,6.63068338564237
"2689",340,9,19,34,1,NA,NA,1,0,1,0,NA,5.82894561761021
"1528",425,11,11,28,0,6,6,1,1,1,1,71,6.05208916892442
"1490",913,14,9,29,0,NA,12,1,1,0,1,NA,6.81673588059497
"149",808,12,13,31,0,NA,7,0,1,0,1,105,6.69456205852109
"742",230,12,6,24,1,10,9,0,1,0,1,NA,5.4380793089232
"2345",548,12,16,34,0,8,10,0,0,0,0,96,6.30627528694802
"589",372,16,4,26,0,NA,NA,0,1,1,1,102,5.91889385427315
"2618",212,6,16,28,0,3,11,1,0,0,0,NA,5.35658627467201
"1083",625,12,10,28,0,NA,10,0,0,1,0,104,6.4377516497364
"802",750,13,7,26,0,8,11,0,1,0,1,96,6.62007320653036
"1752",283,7,19,32,0,NA,4,1,0,0,0,NA,5.64544689764324
"491",500,12,7,25,0,NA,12,0,1,0,1,89,6.21460809842219
"1451",540,12,7,25,1,12,9,1,1,1,1,99,6.29156913955832
"2857",356,9,15,30,1,7,8,1,0,1,0,NA,5.87493073085203
"1718",325,17,1,24,0,17,12,0,1,1,1,NA,5.78382518232974
"2344",1394,18,10,34,0,12,12,0,1,0,0,118,7.23993259132047
"1715",503,12,15,33,1,NA,NA,0,1,0,1,76,6.22059017009974
"1605",577,16,7,29,0,16,16,1,1,1,0,128,6.3578422665081
"2258",699,12,6,24,0,17,14,0,1,1,0,125,6.54965074223381
"421",325,13,6,25,0,12,12,0,1,1,1,93,5.78382518232974
"1161",721,15,9,30,0,13,12,0,1,1,1,105,6.58063913728495
"2377",411,12,7,25,0,11,10,0,1,0,1,108,6.01859321449623
"2806",300,11,14,31,1,NA,7,1,0,0,0,NA,5.7037824746562
"114",411,12,6,24,0,10,12,0,1,0,1,NA,6.01859321449623
"1977",435,13,9,28,0,NA,12,1,1,1,1,NA,6.07534603108868
"482",1402,14,13,33,0,10,10,0,1,1,1,NA,7.24565506759454
"344",401,12,9,27,0,11,9,0,1,1,1,89,5.99396142730657
"391",1709,18,6,30,0,16,16,0,1,1,1,134,7.44366368311559
"1154",722,16,4,26,0,12,12,0,1,1,1,101,6.58202513889283
"637",716,12,16,34,0,NA,1,0,0,1,1,NA,6.57368016696065
"2055",635,14,7,27,0,5,11,1,1,0,1,107,6.45362499889269
"464",528,18,2,26,0,8,12,0,1,1,1,125,6.26909628370626
"1004",481,16,11,33,0,NA,NA,0,0,1,0,121,6.17586727010576
"982",450,13,7,26,0,14,10,0,1,0,1,112,6.10924758276437
"1870",225,11,10,27,1,2,5,1,1,1,0,NA,5.41610040220442
"1194",721,12,6,24,1,NA,NA,0,1,1,1,70,6.58063913728495
"1966",519,13,15,34,0,NA,6,1,1,0,1,98,6.25190388316589
"2927",361,13,5,24,0,16,12,1,1,0,0,NA,5.88887795833288
"2658",633,13,7,26,0,NA,NA,1,1,0,1,115,6.45047042214418
"1001",393,12,7,25,0,12,NA,0,0,0,1,100,5.97380961186926
"756",286,15,6,27,0,12,12,0,1,1,1,89,5.65599181081985
"947",537,17,5,28,0,17,12,0,1,0,1,135,6.28599809450886
"1449",923,15,12,33,0,12,12,1,1,1,1,104,6.82762923450285
"56",571,12,6,24,0,NA,4,0,1,1,1,NA,6.34738920965601
"837",1155,14,7,27,0,16,16,0,1,0,1,111,7.05185562295589
"1932",296,8,18,32,0,8,6,1,0,0,1,NA,5.69035945432406
"381",962,18,5,29,0,12,16,0,1,1,1,126,6.86901445066571
"340",750,12,11,29,1,6,7,0,1,1,1,78,6.62007320653036
"95",816,17,7,30,0,12,13,0,1,1,1,125,6.70441435496411
"846",519,16,2,24,0,12,12,0,1,0,1,NA,6.25190388316589
"1691",313,13,8,27,0,18,16,1,0,0,1,84,5.74620319054015
"113",682,18,5,29,0,8,9,0,1,0,1,132,6.52502965784346
"2126",778,16,5,27,0,12,13,0,1,1,1,116,6.65672652417839
"2622",699,16,9,31,0,10,14,0,0,0,0,105,6.54965074223381
"2160",481,14,5,25,0,10,10,0,1,1,1,86,6.17586727010576
"1185",658,16,2,24,0,12,12,0,1,1,1,126,6.48920493132532
"241",389,12,8,26,1,9,10,0,1,0,1,67,5.96357934361845
"1238",635,18,3,27,0,11,10,0,0,0,1,112,6.45362499889269
"378",572,11,17,34,0,6,NA,0,1,1,1,122,6.3491389913798
"90",817,16,7,29,0,14,11,1,1,1,1,102,6.70563909486
"371",865,18,3,27,0,14,14,0,1,1,1,NA,6.76272950693188
"1043",588,12,10,28,0,NA,8,0,1,0,0,117,6.37672694789863
"716",240,10,9,25,0,5,8,1,0,0,1,NA,5.48063892334199
"1506",800,8,19,33,0,6,4,1,1,0,1,NA,6.68461172766793
"1654",127,12,6,24,1,NA,10,1,1,1,1,NA,4.84418708645859
"1301",691,12,6,24,0,11,12,0,1,0,0,98,6.53813982376767
"2979",200,12,12,30,1,NA,2,1,0,0,0,76,5.29831736654804
"979",570,12,9,27,0,8,12,0,1,0,1,100,6.3456363608286
"604",342,12,16,34,0,8,12,0,0,0,0,NA,5.8348107370626
"2885",245,12,6,24,1,4,7,1,0,1,0,NA,5.50125821054473
"7",565,18,9,33,0,14,14,0,1,1,1,119,6.33682573114644
"2717",445,7,12,25,1,2,NA,0,1,1,0,NA,6.09807428216624
"2412",417,17,1,24,0,14,13,0,1,0,0,NA,6.0330862217988
"958",833,17,5,28,0,11,12,0,1,0,1,117,6.72503364216684
"2123",390,10,9,25,0,7,9,0,1,1,1,NA,5.96614673912369
"404",875,13,11,30,0,12,12,0,1,1,1,85,6.77422388635761
"702",575,13,8,27,1,6,6,0,1,1,1,91,6.35437004079735
"2063",577,16,4,26,1,6,12,1,1,1,0,NA,6.3578422665081
"411",600,12,6,24,0,11,9,0,1,1,1,100,6.39692965521615
"2385",785,14,10,30,0,9,15,0,1,0,0,94,6.66568371778241
"1108",500,12,6,24,0,12,8,0,0,0,0,NA,6.21460809842219
"1264",372,12,7,25,0,5,6,0,0,0,1,101,5.91889385427315
"1573",818,10,10,26,0,NA,NA,1,1,1,1,85,6.70686233660275
"293",313,3,17,26,0,4,0,0,1,1,1,NA,5.74620319054015
"2215",650,8,20,34,0,3,2,0,0,0,1,NA,6.47697236288968
"1045",484,12,14,32,0,8,12,0,1,0,0,105,6.18208490671663
"2655",711,14,9,29,1,12,12,1,1,0,1,NA,6.56667242980324
"2087",438,12,14,32,0,NA,NA,1,1,1,1,104,6.08221891037645
"573",424,12,8,26,0,12,10,0,0,0,1,106,6.04973345523196
"524",638,12,10,28,0,NA,10,0,1,0,0,103,6.45833828334479
"1775",353,9,13,28,0,NA,7,1,1,0,0,NA,5.8664680569333
"578",1000,12,9,27,0,8,8,0,1,0,1,110,6.90775527898214
"2624",375,13,5,24,0,14,12,1,0,0,0,NA,5.92692602597041
"906",1925,12,15,33,0,NA,9,0,1,0,1,NA,7.56268124672188
"530",409,13,9,28,0,8,12,0,0,0,0,110,6.0137151560428
"2657",649,16,3,25,1,NA,16,1,1,0,1,101,6.47543271670409
"1187",721,12,6,24,0,8,8,0,1,1,1,102,6.58063913728495
"1768",548,13,11,30,1,6,1,1,0,0,0,NA,6.30627528694802
"111",460,13,8,27,0,NA,8,0,1,0,1,92,6.13122648948314
"2461",673,16,12,34,0,6,10,1,1,0,1,83,6.51174532964473
"1765",500,8,13,27,0,7,8,1,1,0,0,NA,6.21460809842219
"1315",571,12,8,26,0,12,11,0,1,0,0,101,6.34738920965601
"750",1282,16,12,34,0,12,12,0,1,1,1,112,7.15617663748062
"729",710,11,12,29,1,NA,11,0,1,0,1,86,6.56526497003536
"511",275,12,10,28,0,12,7,0,1,0,0,75,5.61677109766657
"1859",577,12,8,26,0,12,12,0,1,0,1,86,6.3578422665081
"626",305,12,9,27,0,NA,NA,0,0,0,1,NA,5.72031177660741
"73",576,12,7,25,0,12,9,0,1,1,1,86,6.35610766069589
"1928",945,16,3,25,0,16,12,1,1,0,1,106,6.85118492749374
"228",462,16,3,25,0,16,NA,0,0,1,1,117,6.13556489108174
"44",650,11,17,34,0,8,10,0,1,1,1,72,6.47697236288968
"638",192,10,16,32,1,NA,9,0,1,1,1,86,5.25749537202778
"961",542,10,10,26,0,9,11,0,1,0,1,74,6.29526600143965
"36",962,16,8,30,0,12,12,0,1,1,1,118,6.86901445066571
"445",365,13,8,27,0,18,12,0,1,1,1,107,5.89989735358249
"368",505,9,10,25,0,NA,0,0,1,1,1,NA,6.22455842927536
"481",839,11,7,24,0,NA,10,0,1,1,1,NA,6.73221070646721
"2633",433,11,9,26,1,8,9,1,1,0,0,NA,6.07073772800249
"1952",313,16,2,24,0,11,12,0,1,1,1,NA,5.74620319054015
"2865",300,13,10,29,0,12,14,1,0,1,0,116,5.7037824746562
"1822",385,14,11,31,0,12,12,1,1,0,0,105,5.95324333428778
"2369",345,15,7,28,0,10,12,0,1,0,1,NA,5.84354441703136
"1307",635,16,8,30,0,12,12,0,1,0,0,97,6.45362499889269
"1360",987,16,3,25,0,8,12,0,1,1,0,133,6.89467003943348
"2011",400,12,6,24,0,12,12,1,1,0,0,NA,5.99146454710798
"1331",650,13,7,26,0,16,12,0,1,0,0,108,6.47697236288968
"781",601,13,6,25,1,NA,8,0,1,1,1,NA,6.39859493453521
"24",604,12,10,28,0,14,12,0,1,0,1,NA,6.40357419793482
"62",213,9,9,24,1,12,11,0,1,1,1,NA,5.36129216570943
"665",712,14,7,27,0,NA,8,0,1,0,1,123,6.56807791141198
"2495",380,12,10,28,1,NA,NA,1,1,0,1,NA,5.94017125272043
"2648",355,16,2,24,0,18,15,1,0,1,0,117,5.87211778947542
"1164",929,16,10,32,0,8,10,0,1,1,1,113,6.83410873881384
"432",400,12,7,25,0,8,8,0,1,1,1,93,5.99146454710798
"1017",787,12,14,32,0,8,8,0,0,0,0,91,6.6682282484174
"1065",800,12,10,28,0,12,12,0,1,0,0,104,6.68461172766793
"1599",721,17,9,32,1,14,13,1,1,1,1,86,6.58063913728495
"876",384,14,9,29,0,NA,12,0,1,0,1,88,5.95064255258773
"2210",720,12,14,32,0,12,8,0,1,0,1,97,6.5792512120101
"2610",200,14,5,25,0,18,8,1,1,0,0,106,5.29831736654804
"1888",490,14,4,24,0,17,14,1,1,0,1,NA,6.19440539110467
"866",485,18,1,25,0,12,12,0,1,1,1,125,6.18414889093748
"2335",341,16,2,24,0,16,13,0,0,1,0,113,5.83188247728352
"1737",308,17,2,25,0,18,18,0,1,1,1,NA,5.73009978297357
"1470",780,12,7,25,0,3,8,1,1,1,1,NA,6.65929391968364
"1690",678,12,15,33,0,8,9,1,1,0,1,100,6.5191472879404
"870",793,15,11,32,0,15,12,0,1,1,1,103,6.67582322163485
"1825",404,12,7,25,0,NA,12,1,1,0,0,92,6.00141487796115
"1081",359,16,2,24,0,12,12,0,0,0,1,114,5.88332238848828
"1678",577,16,9,31,1,12,12,1,1,0,1,82,6.3578422665081
"2248",1038,15,13,34,0,NA,NA,0,1,0,1,95,6.94505106372583
"849",300,10,9,25,1,10,12,0,1,0,1,62,5.7037824746562
"560",740,12,9,27,0,11,12,0,0,1,0,92,6.60665018619822
"1435",554,16,11,33,0,18,16,1,1,0,1,113,6.31716468674728
"2862",364,7,18,31,1,NA,2,1,0,1,0,NA,5.89715386763674
"770",691,12,10,28,0,NA,NA,0,1,1,1,124,6.53813982376767
"1759",577,16,5,27,0,12,16,1,0,0,0,111,6.3578422665081
"962",823,12,10,28,0,11,11,0,0,0,1,91,6.71295620067707
"3009",713,12,13,31,0,NA,NA,1,0,0,1,107,6.5694814204143
"639",797,16,10,32,1,8,NA,0,1,1,1,NA,6.68085467879022
"128",383,16,3,25,0,5,4,0,1,0,1,NA,5.94803498918065
"2734",673,17,4,27,1,6,11,1,1,0,1,107,6.51174532964473
"2207",1282,18,10,34,0,16,13,0,1,0,1,84,7.15617663748062
"2417",641,16,10,32,0,7,12,0,0,0,0,NA,6.46302945692067
"1421",520,10,12,28,0,5,12,1,1,1,1,103,6.25382881157547
"2088",1106,12,15,33,0,16,10,1,1,1,1,66,7.00850518208228
"1204",230,16,3,25,0,8,12,0,1,1,1,120,5.4380793089232
"479",1154,12,10,28,0,8,12,0,1,1,1,117,7.05098944706805
"2434",751,17,5,28,0,8,8,0,1,0,0,79,6.62140565176413
"627",450,10,18,34,0,9,NA,0,0,0,1,84,6.10924758276437
"2613",714,12,12,30,0,5,7,1,1,0,0,95,6.57088296233958
"2963",409,7,15,28,1,NA,1,1,0,0,0,NA,6.0137151560428
"353",553,12,12,30,0,NA,7,0,1,1,1,112,6.31535800152233
"2171",657,12,15,33,0,12,12,0,0,1,1,102,6.48768401848461
"2367",423,13,10,29,0,NA,12,0,1,0,1,98,6.04737217904628
"453",865,17,5,28,0,NA,12,1,1,1,1,113,6.76272950693188
"739",456,14,6,26,0,16,16,0,1,0,1,NA,6.12249280951439
"2718",300,6,13,25,1,NA,6,1,0,1,0,NA,5.7037824746562
"1548",1502,18,8,32,0,14,9,1,1,1,1,132,7.31455283232408
"1418",880,17,4,27,0,12,14,1,1,1,1,110,6.77992190747225
"1916",465,16,11,33,1,NA,8,0,1,0,1,NA,6.14203740558736
"1593",745,14,12,32,1,7,8,1,1,1,1,NA,6.61338421837956
"1547",475,12,12,30,1,10,11,1,1,1,1,NA,6.16331480403464
"751",577,12,6,24,0,12,14,0,1,1,1,NA,6.3578422665081
"201",995,16,5,27,0,16,12,0,1,0,1,126,6.90274273715859
"2664",500,12,8,26,0,4,9,1,0,0,0,NA,6.21460809842219
"856",600,10,17,33,1,8,11,0,1,1,1,88,6.39692965521615
"540",504,14,9,29,0,12,12,1,1,0,1,95,6.22257626807137
"2971",351,11,7,24,0,4,7,1,0,0,0,NA,5.86078622346587
"2264",843,12,6,24,0,10,12,0,1,1,1,98,6.73696695800186
"1586",786,16,12,34,1,14,12,0,1,1,1,NA,6.66695679242921
"2447",1202,13,7,26,0,10,10,0,1,0,1,113,7.09174211509515
"562",458,15,8,29,0,9,10,0,1,1,0,126,6.12686918411419
"1455",200,16,3,25,0,18,16,1,1,1,1,121,5.29831736654804
"713",620,13,6,25,1,5,7,0,1,1,1,NA,6.42971947803914
"332",400,12,11,29,0,12,12,1,1,0,1,96,5.99146454710798
"2379",350,14,7,27,0,10,12,0,1,0,0,NA,5.85793315448346
"143",694,12,12,30,0,NA,12,0,1,0,1,102,6.5424719605068
"1767",462,13,5,24,0,12,11,1,0,0,0,NA,6.13556489108174
"1722",560,13,8,27,1,12,12,1,1,1,1,99,6.32793678372919
"514",488,14,6,26,0,12,12,1,1,0,0,112,6.19031540585315
"159",440,16,6,28,0,16,18,0,1,0,1,131,6.08677472691231
"1395",400,12,16,34,0,8,8,0,1,1,1,NA,5.99146454710798
"928",649,16,4,26,0,12,14,0,1,0,0,96,6.47543271670409
"2854",275,8,10,24,1,4,8,1,0,1,0,NA,5.61677109766657
"2117",1097,13,5,24,0,12,12,0,1,1,1,117,7.00033446027523
"2892",395,8,16,30,1,NA,5,1,0,1,0,NA,5.97888576490112
"681",577,16,2,24,0,12,12,0,1,0,1,113,6.3578422665081
"2889",289,16,3,25,1,8,12,0,1,1,0,65,5.66642668811243
"2271",548,17,1,24,0,13,7,0,1,1,1,126,6.30627528694802
"975",721,12,11,29,0,8,10,0,0,0,1,98,6.58063913728495
"1171",940,12,13,31,0,NA,12,0,1,1,1,110,6.84587987526405
"2325",470,17,2,25,0,18,12,0,1,1,1,104,6.1527326947041
"1326",710,12,6,24,0,8,10,0,0,1,0,99,6.56526497003536
"893",505,14,10,30,0,12,12,1,1,0,1,NA,6.22455842927536
"2496",616,16,5,27,1,10,12,1,1,0,1,NA,6.42324696353352
"2563",320,12,6,24,1,10,NA,0,1,0,1,76,5.76832099579377
"1254",913,12,14,32,0,8,12,0,0,0,1,101,6.81673588059497
"2351",540,13,8,27,0,12,12,0,0,0,1,93,6.29156913955832
"2420",413,12,13,31,0,12,12,0,0,0,0,85,6.02344759296103
"134",817,12,9,27,0,10,10,0,1,0,1,116,6.70563909486
"2980",315,15,3,24,1,8,8,1,0,0,0,101,5.75257263882563
"1831",514,15,3,24,1,7,10,0,1,0,0,92,6.24222326545517
"1744",736,18,6,30,0,13,17,1,0,0,1,107,6.60123011872888
"215",800,11,16,33,0,8,8,0,1,1,1,96,6.68461172766793
"1592",817,12,16,34,0,3,8,1,1,1,1,93,6.70563909486
"197",613,17,3,26,1,18,18,0,1,1,1,109,6.41836493593621
"1711",600,12,10,28,1,3,8,1,1,0,1,103,6.39692965521615
"1453",485,13,8,27,1,11,11,1,1,1,1,74,6.18414889093748
"1712",250,14,7,27,1,NA,9,1,1,0,1,NA,5.52146091786225
"1437",432,15,5,26,0,12,10,1,1,0,1,114,6.06842558824411
"1828",375,14,8,28,0,NA,12,1,0,0,0,105,5.92692602597041
"1338",400,12,7,25,0,11,10,0,0,0,0,85,5.99146454710798
"2023",587,12,12,30,0,6,NA,1,1,1,1,NA,6.3750248198281
"2462",350,18,0,24,0,15,12,1,0,1,0,107,5.85793315448346
"2303",450,14,14,34,0,12,10,0,1,1,1,103,6.10924758276437
"2833",361,10,11,27,0,NA,6,1,0,0,0,86,5.88887795833288
"363",563,16,6,28,0,NA,NA,0,1,1,1,111,6.33327962813969
"687",620,15,11,32,0,9,12,0,1,0,1,108,6.42971947803914
"12",400,12,8,26,0,11,6,0,1,1,1,89,5.99146454710798
"1500",238,10,8,24,1,16,11,1,1,0,1,NA,5.47227067367148
"173",865,16,5,27,0,NA,12,0,1,1,1,121,6.76272950693188
"831",1425,12,11,29,0,12,12,0,1,0,1,101,7.26192709270275
"740",409,17,10,33,0,12,12,1,1,0,1,113,6.0137151560428
"1293",700,11,16,33,0,9,8,0,1,0,0,96,6.5510803350434
"238",438,13,5,24,0,14,12,0,1,0,1,114,6.08221891037645
"343",577,12,7,25,0,12,NA,0,1,1,1,NA,6.3578422665081
"592",515,13,7,26,0,10,12,0,0,1,1,92,6.24416690066374
"1240",370,16,2,24,0,12,10,0,1,0,1,117,5.91350300563827
"2421",531,14,13,33,0,12,10,0,0,0,0,105,6.27476202124194
"1476",980,12,14,32,0,2,6,1,1,0,1,92,6.88755257166462
"2527",641,16,3,25,0,8,12,1,1,0,1,112,6.46302945692067
"659",1538,18,10,34,0,18,16,0,1,0,1,112,7.33823815006559
"1906",288,10,13,29,1,0,7,1,0,1,0,NA,5.66296048013595
"1407",577,18,4,28,0,8,12,0,1,0,1,106,6.3578422665081
"2881",438,12,7,25,1,8,16,0,1,1,0,NA,6.08221891037645
"703",865,14,6,26,1,NA,6,0,1,1,1,97,6.76272950693188
"2251",625,12,14,32,0,NA,12,0,0,0,1,90,6.4377516497364
"707",543,14,9,29,0,11,8,0,1,1,1,120,6.29710931993394
"317",2404,18,7,31,0,18,16,0,1,1,1,121,7.7848892956551
"1139",1192,13,15,34,0,12,8,0,0,0,1,99,7.0833878476253
"2452",769,12,9,27,0,10,9,1,1,0,1,102,6.64509096950564
"2944",200,11,14,31,1,NA,8,1,0,0,0,62,5.29831736654804
"657",525,12,6,24,0,12,12,0,1,0,1,NA,6.26339826259162
"1137",760,16,8,30,0,6,12,0,0,0,1,110,6.63331843328038
"1649",543,12,15,33,1,NA,NA,0,1,0,1,76,6.29710931993394
"1562",1030,12,16,34,0,8,NA,1,1,1,1,94,6.93731408122368
"1460",654,11,16,33,1,NA,NA,1,1,1,1,NA,6.4831073514572
"2261",534,16,3,25,0,12,12,0,1,1,1,117,6.2803958389602
"1008",385,16,2,24,0,12,12,0,0,1,0,106,5.95324333428778
"1050",491,16,6,28,0,12,8,0,0,0,1,94,6.19644412779452
"1766",350,12,9,27,0,7,12,1,0,0,0,NA,5.85793315448346
"1242",450,17,1,24,0,11,10,0,1,0,1,NA,6.10924758276437
"2277",770,15,4,25,0,NA,10,0,1,1,1,111,6.64639051484773
"1881",950,14,5,25,1,6,10,1,1,0,1,NA,6.85646198459459
"726",692,17,11,34,0,8,12,0,0,0,1,109,6.53958595561767
"282",510,12,7,25,0,12,12,0,0,1,1,113,6.23441072571837
"2988",589,15,7,28,1,3,8,1,1,0,0,NA,6.37842618365159
"1909",874,16,10,32,0,7,16,1,0,0,1,101,6.77308037565554
"1999",460,14,5,25,0,11,10,1,1,0,1,111,6.13122648948314
"800",705,17,3,26,0,9,12,0,1,0,1,NA,6.55819780281227
"1246",817,12,12,30,0,12,12,0,0,0,1,NA,6.70563909486
"2952",743,16,4,26,0,13,12,1,1,0,0,112,6.61069604471776
"20",649,12,14,32,0,8,8,0,1,1,1,88,6.47543271670409
"104",1111,14,11,31,0,12,12,0,1,0,1,98,7.01301578963963
"2994",263,12,9,27,0,7,7,1,0,0,0,100,5.57215403217776
"2819",738,16,10,32,0,8,12,1,0,0,0,107,6.60394382460047
"1670",368,18,3,27,0,17,16,1,0,0,1,129,5.90808293816893
"326",714,18,9,33,0,12,7,0,1,1,1,112,6.57088296233958
"848",818,13,7,26,1,10,10,0,1,0,1,79,6.70686233660275
"321",286,17,6,29,0,12,12,0,0,1,1,104,5.65599181081985
"1042",361,12,12,30,0,NA,13,0,0,0,0,101,5.88887795833288
"2547",564,12,6,24,1,NA,NA,1,0,1,0,100,6.33505425149806
"1716",475,11,8,25,1,NA,9,0,1,0,1,NA,6.16331480403464
"303",1125,12,14,32,0,8,12,0,1,0,0,90,7.02553831463852
"971",447,16,4,26,0,NA,11,0,1,0,1,125,6.10255859461357
"2255",347,16,10,32,0,7,12,0,1,0,1,91,5.84932477994686
"2092",625,13,11,30,0,8,8,1,1,0,1,85,6.4377516497364
"1896",625,8,15,29,0,8,12,1,0,1,0,91,6.4377516497364
"2007",490,12,7,25,1,4,3,1,1,0,1,77,6.19440539110467
"504",601,12,8,26,0,9,12,0,1,0,0,116,6.39859493453521
"2246",250,15,7,28,0,16,0,0,1,1,1,87,5.52146091786225
"724",750,14,7,27,0,NA,8,0,1,0,1,126,6.62007320653036
"2945",383,12,6,24,1,NA,NA,0,1,0,0,NA,5.94803498918065
"2983",450,9,12,27,0,NA,NA,1,0,0,0,75,6.10924758276437
"728",641,12,12,30,1,NA,NA,0,1,0,1,NA,6.46302945692067
"1538",875,13,7,26,0,NA,7,1,1,1,1,102,6.77422388635761
"2364",400,14,7,27,0,12,12,0,1,0,1,119,5.99146454710798
"972",217,15,4,25,0,NA,11,0,0,0,1,94,5.37989735354046
"1857",545,16,6,28,0,14,12,1,1,0,1,123,6.30078579466324
"2124",443,14,11,31,0,8,12,0,1,1,1,NA,6.09356977004514
"1867",286,11,15,32,0,NA,NA,1,1,1,0,92,5.65599181081985
"1027",649,16,2,24,0,8,12,0,0,0,0,120,6.47543271670409
"1648",726,16,6,28,0,16,NA,1,1,0,1,106,6.5875500148248
"41",1000,12,16,34,0,11,10,0,1,1,1,120,6.90775527898214
"1162",925,13,5,24,0,12,12,0,1,1,1,97,6.82979373751242
"1229",726,11,15,32,0,5,10,0,1,0,1,93,6.5875500148248
"1810",285,8,12,26,1,NA,6,1,1,0,0,NA,5.65248918026865
"86",731,18,1,25,0,NA,4,0,1,1,1,135,6.59441345974978
"309",444,12,7,25,0,10,12,0,1,0,1,123,6.09582456243222
"2196",685,13,6,25,0,9,11,0,1,1,1,68,6.52941883826223
"412",300,11,9,26,1,NA,10,0,1,1,1,95,5.7037824746562
"2910",1106,16,10,32,0,14,12,1,0,0,0,110,7.00850518208228
"473",447,16,9,31,0,NA,12,1,1,1,1,114,6.10255859461357
"352",625,11,10,27,0,1,4,0,1,1,1,NA,6.4377516497364
"1816",511,12,16,34,0,5,12,1,1,0,0,95,6.2363695902037
"735",673,16,3,25,0,12,12,0,1,0,1,102,6.51174532964473
"2552",240,12,6,24,1,NA,12,1,0,1,0,NA,5.48063892334199
"1911",300,8,12,26,1,NA,NA,1,0,0,1,NA,5.7037824746562
"2374",730,12,13,31,0,2,8,0,1,1,1,96,6.59304453414244
"2871",274,8,17,31,1,3,6,1,0,1,0,NA,5.61312810638807
"2632",489,8,16,30,1,NA,NA,1,1,0,0,NA,6.19236248947487
"1589",529,16,5,27,1,8,8,1,1,1,1,108,6.2709884318583
"1531",375,18,8,32,0,14,12,1,1,1,1,96,5.92692602597041
"438",745,14,5,25,0,12,12,0,1,1,1,115,6.61338421837956
"1618",796,18,6,30,0,17,13,0,1,0,0,NA,6.67959918584438
"1313",326,18,2,26,0,12,12,0,0,0,0,100,5.78689738136671
"2257",282,10,10,26,0,2,2,0,1,1,0,90,5.64190707093811
"1984",405,13,6,25,1,NA,5,1,1,1,1,NA,6.00388706710654
"2759",616,16,8,30,0,12,12,1,1,1,0,107,6.42324696353352
"2838",600,12,8,26,0,NA,NA,1,0,0,0,102,6.39692965521615
"107",827,18,10,34,0,18,18,0,0,0,1,129,6.71780469502369
"2879",250,12,7,25,1,4,8,1,0,1,0,NA,5.52146091786225
"456",533,13,8,27,0,12,12,0,1,1,1,105,6.27852142416584
"2750",400,11,8,25,0,14,9,1,0,0,0,NA,5.99146454710798
"1281",1100,12,9,27,0,12,11,0,1,0,1,92,7.00306545878646
"636",1339,13,13,32,0,NA,NA,0,1,1,1,108,7.19967834569117
"2723",721,18,7,31,0,8,9,1,0,0,0,104,6.58063913728495
"2589",250,11,10,27,1,NA,13,1,0,0,0,NA,5.52146091786225
"516",725,12,9,27,0,12,12,0,1,0,0,100,6.58617165485467
"2939",875,12,14,32,0,10,11,1,1,0,0,98,6.77422388635761
"1032",429,9,16,31,0,3,7,0,0,0,0,NA,6.06145691892802
"2076",577,13,6,25,0,NA,1,1,1,0,1,NA,6.3578422665081
"297",813,12,8,26,0,10,12,0,1,0,0,105,6.70073110954781
"2163",869,12,16,34,0,12,12,0,1,1,1,96,6.76734312526539
"2015",325,12,9,27,1,2,6,1,1,0,0,68,5.78382518232974
"1771",292,12,15,33,1,5,9,1,0,0,0,NA,5.67675380226828
"1556",450,12,7,25,0,8,12,1,1,1,1,86,6.10924758276437
"2419",400,12,15,33,0,NA,NA,0,0,0,0,105,5.99146454710798
"2100",538,18,10,34,0,13,14,0,1,1,1,121,6.28785856016178
"1093",643,12,12,30,0,12,12,0,0,1,0,104,6.46614472423762
"2142",148,12,7,25,1,NA,9,0,1,1,1,NA,4.99721227376411
"286",445,16,2,24,0,12,12,0,1,1,1,111,6.09807428216624
"1037",380,16,2,24,0,8,12,0,0,0,0,NA,5.94017125272043
"939",656,12,9,27,0,NA,8,0,1,0,1,106,6.48616078894409
"93",202,13,5,24,0,12,12,1,1,1,1,NA,5.30826769740121
"764",600,11,7,24,0,9,NA,0,1,1,1,NA,6.39692965521615
"2720",419,12,7,25,1,9,2,1,0,1,0,NA,6.03787091992214
"1641",450,10,14,30,0,9,9,1,1,1,1,90,6.10924758276437
"1791",198,12,8,26,1,5,8,0,1,0,1,NA,5.28826703069454
"458",476,14,4,24,1,12,14,0,1,1,1,NA,6.16541785423142
"2599",375,8,16,30,1,NA,NA,1,1,0,0,NA,5.92692602597041
"1960",400,11,9,26,1,12,6,1,1,0,1,NA,5.99146454710798
"88",588,14,4,24,0,16,12,0,1,1,1,106,6.37672694789863
"319",986,16,12,34,0,12,12,0,1,1,1,90,6.89365635460264
"651",928,16,9,31,0,NA,NA,1,1,1,1,120,6.8330317327862
"2499",500,12,10,28,1,8,2,1,1,0,1,85,6.21460809842219
"1946",365,12,13,31,1,NA,8,1,1,1,1,70,5.89989735358249
"2409",790,16,10,32,0,13,13,0,1,0,0,110,6.67203294546107
"1727",583,16,8,30,0,16,16,0,1,1,1,114,6.36818718635049
"2827",292,10,8,24,1,3,NA,1,0,0,0,NA,5.67675380226828
"1843",500,12,7,25,0,1,6,1,1,0,0,116,6.21460809842219
"1443",933,13,15,34,0,6,6,1,1,0,1,NA,6.83840520084734
"1047",535,10,13,29,0,8,12,0,1,0,0,NA,6.28226674689601
"920",667,7,20,33,0,NA,8,0,0,0,1,NA,6.50279004591562
"1431",337,14,6,26,0,12,12,1,1,0,1,118,5.82008293035236
"296",365,12,8,26,0,11,12,0,1,0,0,98,5.89989735358249
"2681",1442,18,9,33,0,NA,NA,1,0,1,0,101,7.27378631784489
"2990",300,9,10,25,1,0,2,1,1,0,0,NA,5.7037824746562
"455",802,12,14,32,0,10,9,1,0,1,1,110,6.68710860786651
"1269",315,12,8,26,0,10,12,0,0,0,0,116,5.75257263882563
"2778",250,12,11,29,0,7,6,1,0,0,1,96,5.52146091786225
"1258",450,13,12,31,0,8,12,0,0,0,1,NA,6.10924758276437
"2494",1155,18,8,32,0,6,12,1,1,0,1,106,7.05185562295589
"2455",563,10,18,34,0,6,NA,1,1,0,1,86,6.33327962813969
"84",810,18,7,31,0,8,8,1,1,1,1,115,6.69703424766648
"60",769,12,16,34,0,10,10,0,1,1,1,95,6.64509096950564
"862",481,17,7,30,0,12,11,0,1,1,1,121,6.17586727010576
"656",1026,18,9,33,0,8,12,0,1,0,1,117,6.93342302573071
"2423",144,14,7,27,0,18,12,0,0,0,0,114,4.969813299576
"2090",332,12,8,26,1,6,11,0,1,1,1,103,5.80513496891649
"768",1055,14,13,33,0,14,10,0,1,1,1,98,6.96129604591017
"1634",872,18,4,28,0,14,8,0,1,1,1,127,6.77078942390898
"885",672,16,7,29,0,14,12,0,1,0,1,93,6.51025834052315
"1412",300,7,14,27,0,4,8,1,1,0,1,NA,5.7037824746562
"680",600,15,3,24,0,8,16,0,1,0,1,NA,6.39692965521615
"688",378,16,2,24,0,12,12,0,1,0,1,108,5.93489419561959
"2888",632,14,8,28,1,NA,NA,0,1,1,0,105,6.44888939414686
"2976",475,7,14,27,0,NA,8,1,1,0,0,NA,6.16331480403464
"1707",438,12,9,27,0,NA,12,1,1,0,1,83,6.08221891037645
"2893",572,9,9,24,1,5,5,1,0,1,0,NA,6.3491389913798
"2958",462,14,12,32,0,8,8,1,0,0,0,92,6.13556489108174
"1400",1058,12,11,29,0,12,12,0,1,0,1,NA,6.96413561241824
"294",250,7,20,33,1,6,5,0,1,1,1,NA,5.52146091786225
"723",962,12,10,28,1,NA,6,0,1,0,1,80,6.86901445066571
"658",375,18,5,29,0,16,16,0,1,0,1,125,5.92692602597041
"2262",625,16,4,26,0,12,12,0,1,1,1,92,6.4377516497364
"2151",800,11,7,24,1,NA,9,0,1,1,1,NA,6.68461172766793
"2190",553,16,2,24,0,8,11,0,1,0,1,NA,6.31535800152233
"2562",310,12,11,29,1,8,2,1,0,0,1,62,5.73657229747919
"2327",625,12,8,26,0,12,12,0,0,1,1,NA,6.4377516497364
"843",1000,11,9,26,0,10,11,0,1,0,1,97,6.90775527898214
"2674",403,12,6,24,1,NA,NA,1,0,0,0,61,5.99893656194668
"1377",650,13,7,26,0,12,12,0,1,0,0,109,6.47697236288968
"2670",625,12,11,29,1,NA,10,1,0,0,0,55,6.4377516497364
"615",769,18,8,32,0,NA,7,0,1,1,1,105,6.64509096950564
"927",1101,16,7,29,0,12,14,1,1,0,0,106,7.00397413672268
"2977",340,11,11,28,1,NA,9,1,0,0,0,100,5.82894561761021
"2836",470,16,6,28,1,8,5,1,0,0,0,NA,6.1527326947041
"2840",200,10,8,24,1,1,4,1,1,0,0,NA,5.29831736654804
"974",352,15,3,24,1,8,10,0,1,0,1,109,5.8636311755981
"386",379,17,4,27,0,8,12,0,1,1,1,119,5.93753620508243
"1373",1115,12,9,27,0,12,11,0,1,0,0,100,7.01660968389422
"254",136,12,6,24,0,8,9,0,1,0,1,NA,4.91265488573605
"1650",1202,16,11,33,0,8,6,0,1,0,1,115,7.09174211509515
"1685",229,10,10,26,1,NA,8,1,1,0,1,NA,5.43372200355424
"1910",295,11,12,29,1,12,NA,1,0,0,1,NA,5.68697535633982
"2044",304,12,8,26,0,6,8,1,0,0,1,74,5.71702770140622
"1002",800,13,13,32,0,9,7,1,1,0,1,92,6.68461172766793
"1560",759,16,4,26,0,12,8,0,1,1,1,130,6.63200177739563
"2514",235,12,9,27,1,NA,NA,1,1,0,1,96,5.45958551414416
"2742",475,16,3,25,1,7,10,1,1,0,1,NA,6.16331480403464
"449",851,17,6,29,0,8,12,0,1,1,1,96,6.74641212857337
"472",989,16,11,33,0,12,8,0,0,1,1,118,6.89669433162271
"195",726,18,8,32,0,16,12,0,1,1,1,114,6.5875500148248
"2057",413,9,18,33,1,NA,3,1,0,0,1,NA,6.02344759296103
"1309",962,18,5,29,0,8,18,0,1,0,0,105,6.86901445066571
"315",325,12,8,26,0,8,12,0,1,1,1,114,5.78382518232974
"2433",433,17,3,26,0,8,8,0,1,0,0,129,6.07073772800249
"1237",577,16,12,34,0,NA,18,0,1,0,1,113,6.3578422665081
"1318",433,11,15,32,0,NA,NA,0,0,0,0,NA,6.07073772800249
"1434",757,16,5,27,0,17,16,1,1,0,1,104,6.62936325343745
"1374",1100,12,8,26,0,12,11,0,1,0,0,104,7.00306545878646
"969",500,12,10,28,0,12,12,0,0,0,1,86,6.21460809842219
"2035",462,11,10,27,1,7,7,1,1,0,1,NA,6.13556489108174
"2132",673,12,10,28,1,12,11,0,1,1,1,65,6.51174532964473
"2663",764,16,10,32,0,NA,12,1,0,0,0,114,6.63856778916652
"1603",624,14,7,27,1,NA,11,1,1,1,0,74,6.43615036836943
"1365",550,8,19,33,0,7,10,0,0,1,0,NA,6.30991827822652
"2075",600,12,12,30,0,8,10,1,0,0,0,97,6.39692965521615
"2233",962,17,2,25,0,12,11,1,1,1,1,107,6.86901445066571
"1919",577,16,9,31,0,8,14,1,0,0,1,111,6.3578422665081
"1352",900,12,9,27,0,NA,11,0,1,0,0,100,6.80239476332431
"2184",467,14,7,27,0,8,12,0,1,1,1,114,6.1463292576689
"569",625,18,6,30,0,NA,14,0,1,0,1,97,6.4377516497364
"2753",447,16,3,25,0,18,12,1,0,0,0,118,6.10255859461357
"1642",438,15,6,27,1,NA,16,1,1,1,1,NA,6.08221891037645
"1659",661,12,7,25,1,9,6,1,1,1,1,107,6.49375383985169
"346",514,12,9,27,0,14,12,0,1,1,1,NA,6.24222326545517
"1838",577,16,2,24,0,12,12,1,1,0,0,140,6.3578422665081
"182",700,12,13,31,0,11,9,0,1,1,1,105,6.5510803350434
"717",462,12,15,33,0,NA,NA,0,1,0,1,85,6.13556489108174
"1131",1319,18,7,31,0,18,12,0,1,1,1,137,7.18462915271731
"1159",539,15,10,31,0,10,12,0,1,1,1,134,6.289715570909
"2931",591,17,2,25,0,12,10,1,1,0,0,108,6.3818160174061
"341",463,15,3,24,0,7,8,0,0,1,1,118,6.13772705408623
"1800",400,16,6,28,0,16,16,1,0,0,1,122,5.99146454710798
"625",500,12,10,28,0,11,11,0,0,0,1,NA,6.21460809842219
"1104",817,14,5,25,0,12,12,0,1,0,0,114,6.70563909486
"325",700,15,4,25,0,9,10,0,1,1,1,120,6.5510803350434
"554",509,16,2,24,0,12,12,0,0,0,1,121,6.23244801655052
"2960",577,13,9,28,0,NA,10,1,1,0,0,83,6.3578422665081
"2366",577,13,11,30,0,NA,9,0,1,0,1,NA,6.3578422665081
"1020",277,13,7,26,0,NA,14,0,0,0,0,119,5.62401750618734
"1138",434,18,6,30,0,11,12,0,0,0,1,111,6.07304453410041
"96",625,18,2,26,0,14,12,0,1,1,1,123,6.4377516497364
"2299",801,15,10,31,0,12,12,0,1,1,1,91,6.68586094706836
"549",700,10,11,27,0,10,6,0,0,0,1,NA,6.5510803350434
"1133",300,16,3,25,0,12,12,0,1,1,1,101,5.7037824746562
"1639",400,5,21,32,0,0,4,1,1,1,1,NA,5.99146454710798
"923",577,12,14,32,0,NA,12,0,1,1,1,97,6.3578422665081
"598",342,13,7,26,0,12,13,0,0,0,0,85,5.8348107370626
"2961",180,8,18,32,1,NA,NA,1,0,0,0,NA,5.19295685089021
"588",500,15,6,27,0,12,12,0,1,1,1,106,6.21460809842219
"2108",241,10,15,31,0,8,12,0,1,1,1,94,5.48479693349065
"2764",250,12,7,25,0,13,10,1,0,1,0,113,5.52146091786225
"2474",450,12,13,31,0,8,12,1,0,1,0,68,6.10924758276437
"919",524,12,7,25,0,6,8,0,1,1,0,107,6.26149168432104
"373",721,12,14,32,0,9,6,0,1,1,1,101,6.58063913728495
"1344",693,16,2,24,0,10,12,0,0,0,0,NA,6.5410299991899
"1059",1187,12,7,25,0,8,15,0,0,0,0,105,7.07918439460967
"2890",300,8,18,32,1,NA,5,1,0,1,0,NA,5.7037824746562
"2128",442,17,2,25,0,10,12,0,1,1,1,NA,6.0913098820777
"32",457,12,7,25,1,NA,11,0,1,1,1,104,6.12468339089421
"1568",657,12,9,27,0,12,12,1,1,1,1,86,6.48768401848461
"2481",350,13,6,25,1,NA,NA,1,0,1,0,NA,5.85793315448346
"1053",434,12,12,30,0,8,8,0,0,0,1,83,6.07304453410041
"1688",2083,16,5,27,0,NA,NA,1,1,0,1,60,7.64156444126097
"2733",250,5,23,34,1,NA,6,1,0,0,1,NA,5.52146091786225
"1864",625,11,13,30,1,NA,9,1,1,1,0,NA,6.4377516497364
"964",735,14,4,24,0,11,11,1,1,0,1,NA,6.59987049921284
"1417",989,14,10,30,0,12,14,1,1,1,1,NA,6.89669433162271
"2472",578,14,4,24,1,6,12,0,1,1,0,NA,6.35957386867238
"83",1143,12,7,25,0,8,6,0,1,1,1,NA,7.04141166379481
"1152",225,15,4,25,0,15,12,0,0,1,1,107,5.41610040220442
"602",400,10,16,32,0,NA,NA,0,0,0,0,NA,5.99146454710798
"2331",769,15,12,33,0,16,12,0,1,1,1,112,6.64509096950564
"125",337,12,8,26,0,8,10,0,1,0,1,93,5.82008293035236
"793",658,15,5,26,0,12,12,0,1,0,1,NA,6.48920493132532
"15",894,16,9,31,1,NA,8,0,1,1,1,116,6.79570577517351
"142",635,14,8,28,0,12,9,0,1,0,1,103,6.45362499889269
"168",1100,12,9,27,0,12,10,0,1,0,1,101,7.00306545878646
"1696",702,17,5,28,1,NA,12,0,1,0,1,NA,6.55393340402581
"208",689,12,14,32,0,12,12,0,1,1,1,97,6.53524127101366
"1118",700,13,14,33,0,8,15,0,1,1,1,108,6.5510803350434
"748",673,18,0,24,0,14,NA,1,1,1,1,NA,6.51174532964473
"1028",491,15,4,25,0,12,15,0,1,0,0,144,6.19644412779452
"2662",592,18,3,27,0,12,12,1,1,0,1,127,6.38350663488401
"1807",325,12,10,28,1,NA,NA,1,0,0,1,69,5.78382518232974
"131",702,14,8,28,0,12,12,0,1,0,1,113,6.55393340402581
"5",729,12,16,34,0,8,7,0,1,1,1,108,6.59167373200866
"2950",506,17,8,31,1,NA,NA,0,1,0,0,NA,6.22653666928747
"710",297,12,8,26,0,NA,8,0,1,1,1,NA,5.6937321388027
"148",1400,12,7,25,0,8,14,0,1,0,1,NA,7.24422751560335
"1073",500,13,8,27,0,12,12,0,1,0,0,97,6.21460809842219
"2528",596,12,14,32,0,12,14,1,1,0,1,98,6.39024066706535
"1777",250,8,20,34,0,NA,NA,1,1,0,0,NA,5.52146091786225
"3008",500,12,6,24,0,11,NA,1,0,0,1,109,6.21460809842219
"2525",711,12,14,32,0,9,12,1,1,0,1,106,6.56667242980324
"1725",1269,17,10,33,0,16,16,1,1,1,1,127,7.14598446771439
"384",721,18,6,30,0,12,12,0,1,1,1,105,6.58063913728495
"2086",750,15,4,25,0,16,16,1,1,1,1,105,6.62007320653036
"1572",535,12,8,26,0,8,7,1,1,1,1,105,6.28226674689601
"1276",430,13,5,24,0,15,10,0,1,0,1,NA,6.06378520868761
"1236",1202,12,13,31,0,8,12,0,1,0,1,NA,7.09174211509515
"2841",142,8,16,30,1,NA,NA,1,0,0,0,NA,4.95582705760126
"1324",625,12,15,33,0,10,12,0,0,1,0,102,6.4377516497364
"541",313,17,2,25,0,12,12,1,1,0,1,101,5.74620319054015
"2130",1275,18,4,28,0,NA,12,0,1,1,1,114,7.15070145759253
"255",575,12,14,32,0,10,9,0,1,0,1,91,6.35437004079735
"714",277,12,7,25,1,NA,10,0,1,1,1,NA,5.62401750618734
"1846",500,17,3,26,0,13,12,1,0,0,0,NA,6.21460809842219
"257",310,12,13,31,0,8,9,0,1,0,1,110,5.73657229747919
"1684",363,10,8,24,1,15,9,1,1,0,1,NA,5.89440283426485
"244",202,17,3,26,0,18,16,0,1,0,1,124,5.30826769740121
"2296",1200,12,11,29,0,8,12,0,1,1,1,100,7.09007683577609
"2918",450,7,17,30,0,NA,NA,1,1,0,0,NA,6.10924758276437
"970",543,12,7,25,1,NA,NA,0,1,0,1,101,6.29710931993394
"200",1442,18,10,34,0,16,12,0,1,0,1,114,7.27378631784489
"1591",984,12,9,27,0,7,7,0,0,1,1,94,6.89162589705225
"2522",247,10,17,33,1,NA,10,1,1,0,1,NA,5.50938833662798
"40",235,11,7,24,1,6,12,0,1,1,1,65,5.45958551414416
"2332",688,11,17,34,1,NA,NA,0,1,1,1,64,6.53378883793334
"418",561,16,4,26,0,12,15,0,1,1,1,122,6.3297209055227
"1112",628,13,8,27,0,12,12,0,0,0,0,95,6.4425401664682
"1354",485,16,2,24,0,8,12,0,0,0,0,104,6.18414889093748
"1885",361,16,5,27,0,12,12,1,1,0,1,112,5.88887795833288
"501",524,14,5,25,0,10,11,0,1,0,1,106,6.26149168432104
"2690",625,13,6,25,1,3,7,1,0,1,0,NA,6.4377516497364
"2573",490,14,9,29,0,11,9,1,1,0,1,83,6.19440539110467
"993",713,16,8,30,0,NA,12,0,0,0,1,101,6.5694814204143
"2678",400,14,7,27,1,NA,NA,1,0,1,0,71,5.99146454710798
"1719",577,14,5,25,0,6,12,1,1,1,1,108,6.3578422665081
"2555",295,17,9,32,0,12,14,1,0,0,1,106,5.68697535633982
"869",549,15,13,34,0,12,12,0,1,1,1,NA,6.30809844150953
"1314",430,18,5,29,0,17,12,0,1,0,0,117,6.06378520868761
"1883",450,12,14,32,1,NA,9,1,1,0,1,74,6.10924758276437
"2779",155,12,8,26,0,7,7,1,0,0,1,106,5.04342511691925
"1815",392,8,20,34,0,5,8,1,1,0,0,NA,5.97126183979046
"2617",688,12,7,25,0,12,12,1,0,0,0,96,6.53378883793334
"632",817,16,4,26,0,12,11,0,1,1,1,99,6.70563909486
"1111",470,14,6,26,0,12,12,0,0,0,0,100,6.1527326947041
"528",308,7,18,31,0,5,8,0,1,0,0,NA,5.73009978297357
"338",817,12,6,24,0,8,12,0,0,1,1,97,6.70563909486
"2372",1000,9,15,30,0,8,NA,0,1,0,1,96,6.90775527898214
"1543",340,12,16,34,1,8,NA,1,1,1,1,NA,5.82894561761021
"1014",226,12,6,24,0,8,8,0,0,1,0,NA,5.42053499927229
"1933",420,12,15,33,0,3,NA,1,1,0,1,NA,6.04025471127741
"1202",470,14,5,25,0,12,12,0,1,1,1,111,6.1527326947041
"2943",857,9,9,24,0,7,11,1,0,0,0,NA,6.75343791859778
"1143",435,12,10,28,0,12,12,0,0,0,1,101,6.07534603108868
"2064",188,11,9,26,1,2,8,1,1,1,0,NA,5.23644196282995
"2600",577,9,15,30,0,5,4,1,0,0,0,NA,6.3578422665081
"1177",600,18,5,29,0,8,12,0,1,1,1,113,6.39692965521615
"422",580,16,6,28,0,10,12,0,1,1,1,119,6.36302810354046
"2062",393,10,18,34,1,6,12,1,1,1,0,NA,5.97380961186926
"305",715,14,5,25,0,12,12,0,1,0,0,112,6.57228254269401
"285",493,10,15,31,0,NA,NA,0,1,1,1,81,6.20050917404269
"1951",833,17,5,28,0,11,12,1,1,1,1,102,6.72503364216684
"497",625,16,6,28,0,11,11,0,1,0,1,103,6.4377516497364
"2686",266,13,6,25,1,10,12,1,1,1,0,69,5.5834963087817
"2052",235,9,19,34,1,NA,NA,1,1,0,1,NA,5.45958551414416
"2442",508,16,8,30,0,NA,NA,0,1,0,1,111,6.23048144757848
"2234",692,15,9,30,0,12,12,0,1,1,1,107,6.53958595561767
"2185",643,18,3,27,0,13,13,0,1,1,1,118,6.46614472423762
"379",805,12,14,32,0,NA,9,0,0,1,1,88,6.69084227741856
"2995",432,14,7,27,0,5,12,1,0,0,0,105,6.06842558824411
"2456",649,13,13,32,0,7,0,1,1,0,1,114,6.47543271670409
"1055",542,10,10,26,0,8,8,0,0,0,1,93,6.29526600143965
"2852",250,14,7,27,1,NA,10,1,0,1,0,99,5.52146091786225
"699",1043,12,11,29,0,11,12,0,1,1,1,96,6.94985645500077
"1109",625,16,6,28,0,12,12,0,1,0,0,111,6.4377516497364
"2989",265,10,15,31,1,0,2,1,1,0,0,NA,5.57972982598622
"2259",615,12,6,24,0,11,10,0,1,1,0,107,6.42162226780652
"1165",705,17,10,33,0,NA,NA,0,1,1,1,96,6.55819780281227
"2225",500,15,5,26,0,12,12,0,1,1,1,76,6.21460809842219
"2468",401,12,10,28,0,7,6,1,0,1,0,86,5.99396142730657
"521",925,14,9,29,0,10,8,0,1,0,0,122,6.82979373751242
"1327",913,16,10,32,0,10,11,0,1,1,0,118,6.81673588059497
"1038",250,14,5,25,0,9,12,0,0,0,0,NA,5.52146091786225
"644",503,12,10,28,1,9,11,1,0,1,1,109,6.22059017009974
"1227",440,8,19,33,0,NA,NA,0,0,0,1,NA,6.08677472691231
"1733",245,12,12,30,1,NA,12,1,1,1,1,NA,5.50125821054473
"360",600,12,14,32,0,10,10,0,0,1,1,NA,6.39692965521615
"1795",240,9,15,30,1,3,5,1,0,0,1,NA,5.48063892334199
"331",1065,12,9,27,0,12,12,0,1,1,1,97,6.97073007814353
"2021",641,18,8,32,0,NA,13,1,0,1,1,103,6.46302945692067
"987",529,13,7,26,0,8,8,1,1,0,1,134,6.2709884318583
"2322",400,13,15,34,0,12,12,0,1,1,1,NA,5.99146454710798
"2501",750,12,7,25,0,4,12,1,1,0,1,100,6.62007320653036
"1359",568,12,8,26,0,10,12,0,0,1,0,105,6.34212141872115
"2361",670,12,16,34,0,NA,12,0,1,0,1,NA,6.50727771238501
"663",721,15,6,27,0,17,12,0,1,0,1,116,6.58063913728495
"568",604,18,9,33,0,12,12,0,0,0,1,119,6.40357419793482
"1100",667,14,8,28,0,12,8,0,1,0,0,123,6.50279004591562
"324",615,15,7,28,0,9,10,0,1,1,1,122,6.42162226780652
"122",325,12,6,24,0,12,12,0,1,0,1,102,5.78382518232974
"2389",683,13,13,32,0,13,12,0,0,0,0,NA,6.52649485957079
"1291",411,12,9,27,0,12,NA,0,0,0,0,92,6.01859321449623
"1115",641,16,3,25,0,12,12,0,1,1,1,130,6.46302945692067
"784",350,12,7,25,1,9,10,0,1,1,1,74,5.85793315448346
"817",684,12,6,24,1,9,11,0,1,0,1,NA,6.52795791762255
"1537",435,13,5,24,1,10,11,1,1,1,1,NA,6.07534603108868
"609",350,12,11,29,0,4,8,0,0,0,0,107,5.85793315448346
"2594",300,15,4,25,1,NA,8,0,1,0,0,NA,5.7037824746562
"1510",417,16,6,28,0,2,8,1,0,0,1,112,6.0330862217988
"196",1265,18,5,29,0,18,12,0,1,1,1,117,7.14282740116162
"242",795,12,16,34,0,12,NA,0,0,0,1,110,6.67834211465433
"1199",625,14,6,26,0,12,10,0,1,1,1,104,6.4377516497364
"1677",505,12,9,27,1,8,NA,0,1,0,1,76,6.22455842927536
"205",686,12,10,28,0,12,NA,0,1,0,1,97,6.53087762772588
"1569",625,12,13,31,0,NA,12,1,1,1,1,101,6.4377516497364
"1897",350,13,5,24,0,8,7,1,1,1,0,117,5.85793315448346
"2580",529,16,2,24,1,12,12,1,1,0,1,NA,6.2709884318583
"79",283,12,6,24,0,NA,12,0,1,1,1,NA,5.64544689764324
"59",673,13,13,32,0,10,12,0,1,1,1,123,6.51174532964473
"1031",600,13,6,25,0,13,12,0,0,0,0,NA,6.39692965521615
"2843",300,11,12,29,1,NA,1,1,0,1,0,NA,5.7037824746562
"1570",280,12,11,29,1,NA,10,1,1,1,1,70,5.63478960316925
"102",512,12,8,26,0,10,12,0,1,0,1,97,6.23832462503951
"150",654,16,4,26,0,11,12,0,1,0,1,104,6.4831073514572
"1501",275,12,16,34,1,8,6,1,1,0,1,95,5.61677109766657
"2129",400,13,7,26,0,NA,8,0,1,1,1,82,5.99146454710798
"2738",465,11,13,30,1,NA,NA,1,0,0,1,NA,6.14203740558736
"436",1216,18,8,32,0,NA,10,0,1,1,1,127,7.10332206252611
"351",714,13,8,27,0,12,12,0,1,1,1,101,6.57088296233958
"709",640,12,10,28,0,NA,8,0,1,1,1,NA,6.46146817635372
"1157",897,18,4,28,0,12,12,0,1,1,1,121,6.7990558620588
"1305",675,9,19,34,1,4,7,0,1,0,0,92,6.51471269087253
"618",400,16,4,26,0,16,14,0,0,1,1,116,5.99146454710798
"850",702,16,8,30,0,9,9,0,1,1,1,110,6.55393340402581
"1211",649,13,7,26,0,13,12,0,0,0,0,101,6.47543271670409
"347",208,11,8,25,0,14,12,0,1,1,1,NA,5.33753807970132
"538",639,12,7,25,0,12,12,0,0,0,1,116,6.45990445437753
"1518",620,16,6,28,1,NA,10,1,1,0,1,96,6.42971947803914
"236",929,17,6,29,0,14,12,0,1,0,1,91,6.83410873881384
"691",441,18,6,30,0,12,14,0,0,0,1,107,6.08904487544685
"689",243,16,3,25,0,16,13,0,1,0,1,121,5.49306144334055
"1596",263,13,5,24,1,6,12,1,1,1,1,85,5.57215403217776
"1298",600,11,16,33,1,8,8,0,1,0,0,91,6.39692965521615
"706",662,12,7,25,0,7,8,0,1,1,1,97,6.49526555593701
"484",710,12,15,33,0,12,8,0,1,1,1,NA,6.56526497003536
"389",1014,12,14,32,0,NA,12,1,1,1,1,82,6.92165818415113
"2998",513,16,8,30,1,16,16,1,1,0,1,82,6.24027584517077
"1061",336,16,2,24,0,16,13,0,1,0,1,122,5.8171111599632
"1206",315,12,15,33,0,7,12,0,1,0,0,94,5.75257263882563
"1701",359,14,4,24,0,9,12,1,1,0,1,120,5.88332238848828
"1375",286,12,6,24,0,12,11,0,0,0,0,106,5.65599181081985
"2520",423,15,10,31,0,NA,NA,1,1,0,1,101,6.04737217904628
"2101",801,17,5,28,0,18,16,0,1,1,1,126,6.68586094706836
"1091",427,15,5,26,0,12,15,0,1,1,0,109,6.05678401322862
"1000",519,14,4,24,0,12,12,0,1,0,1,NA,6.25190388316589
"2323",577,16,12,34,0,15,18,0,0,1,1,109,6.3578422665081
"1571",500,10,12,28,0,8,7,1,1,1,1,75,6.21460809842219
"2773",225,6,17,29,0,NA,12,0,1,1,1,NA,5.41610040220442
"2878",176,8,12,26,1,4,8,1,0,1,0,NA,5.17048399503815
"1105",520,12,10,28,0,12,6,0,0,0,0,95,6.25382881157547
"2981",625,16,8,30,1,5,8,1,0,0,0,78,6.4377516497364
"442",815,16,3,25,0,17,12,1,1,1,1,118,6.70318811324086
"354",579,12,16,34,0,5,2,0,1,1,1,88,6.361302477573
"957",337,15,6,27,0,11,12,0,1,0,1,105,5.82008293035236
"2082",1068,16,9,31,0,14,16,1,1,1,1,109,6.97354301952014
"2546",1000,12,10,28,1,8,8,0,1,1,0,83,6.90775527898214
"874",654,14,12,32,0,8,8,0,1,0,1,109,6.4831073514572
"147",737,18,9,33,0,12,12,1,1,0,1,134,6.60258789218934
"1609",841,16,6,28,0,10,12,1,1,1,0,92,6.73459165997295
"1735",641,14,6,26,0,8,10,1,1,1,1,103,6.46302945692067
"1446",328,10,11,27,1,4,11,1,1,1,1,NA,5.79301360838414
"1357",1055,13,14,33,0,NA,8,0,0,1,0,109,6.96129604591017
"2822",325,5,21,32,1,0,7,1,0,0,0,NA,5.78382518232974
"2009",535,12,14,32,1,NA,NA,1,1,0,1,75,6.28226674689601
"1636",364,12,9,27,0,5,8,1,1,1,1,NA,5.89715386763674
"1899",558,13,9,28,0,NA,7,1,0,1,0,NA,6.32435896238131
"493",577,13,7,26,0,12,11,0,1,1,1,102,6.3578422665081
"669",271,12,8,26,0,NA,NA,0,1,0,1,91,5.6021188208797
"2175",343,12,6,24,0,0,4,0,1,1,1,NA,5.83773044716594
"2298",550,14,8,28,0,12,NA,0,1,1,1,104,6.30991827822652
"118",750,15,6,27,0,8,11,0,1,0,1,103,6.62007320653036
"362",625,16,2,24,0,NA,NA,0,1,1,1,NA,6.4377516497364
"851",1322,16,12,34,0,NA,12,0,1,1,1,117,7.18690102041163
"811",398,13,5,24,0,8,8,0,1,0,1,116,5.98645200528444
"1277",267,12,10,28,1,12,8,0,1,0,1,95,5.58724865840025
"2667",962,16,6,28,0,12,16,1,0,0,0,132,6.86901445066571
"1606",813,16,3,25,1,18,18,1,1,1,0,111,6.70073110954781
"2172",1200,15,6,27,0,13,12,0,1,1,1,95,7.09007683577609
"1495",615,13,5,24,0,13,11,1,1,0,1,NA,6.42162226780652
"1855",375,12,6,24,1,NA,5,1,0,0,1,NA,5.92692602597041
"534",549,12,11,29,0,12,12,0,0,0,0,95,6.30809844150953
"76",1012,17,4,27,0,12,12,0,1,1,1,101,6.91968384984741
"2671",250,10,8,24,1,NA,NA,1,0,0,0,NA,5.52146091786225
"1786",299,12,16,34,0,NA,NA,1,0,0,1,93,5.70044357339069
"1271",325,12,14,32,0,6,12,0,0,0,0,102,5.78382518232974
"2542",188,15,4,25,1,4,10,1,0,1,0,60,5.23644196282995
"1125",520,16,8,30,0,11,12,0,0,1,1,118,6.25382881157547
"2512",601,14,5,25,1,NA,NA,1,1,0,1,100,6.39859493453521
"1938",944,8,19,33,0,NA,NA,1,0,0,1,NA,6.8501261661455
"441",745,12,7,25,0,8,12,0,1,1,1,106,6.61338421837956
"1793",753,12,10,28,1,NA,6,0,1,0,1,NA,6.62406522779989
"2517",542,9,9,24,1,NA,11,1,1,0,1,NA,6.29526600143965
"1022",624,14,7,27,0,12,14,0,0,0,0,103,6.43615036836943
"1717",1374,16,9,31,0,12,12,1,1,1,1,126,7.22548147278229
"2350",577,15,6,27,0,12,12,0,0,0,1,93,6.3578422665081
"1669",400,12,6,24,0,NA,9,1,0,0,1,NA,5.99146454710798
"178",625,11,10,27,0,11,9,0,1,1,1,84,6.4377516497364
"786",643,16,7,29,0,12,12,0,1,0,1,115,6.46614472423762
"1079",486,12,9,27,0,8,8,0,0,0,1,96,6.18620862390049
"1789",528,8,15,29,0,1,6,1,0,0,1,NA,6.26909628370626
"496",625,12,11,29,0,8,NA,0,1,0,1,NA,6.4377516497364
"1215",481,12,9,27,0,12,11,1,1,1,0,122,6.17586727010576
"2775",721,12,13,31,0,3,7,1,1,0,1,108,6.58063913728495
"1054",700,12,8,26,0,8,8,0,0,0,1,112,6.5510803350434
"1250",423,17,5,28,0,14,12,0,0,0,1,NA,6.04737217904628
"2074",275,7,17,30,0,5,8,1,0,0,0,NA,5.61677109766657
"2992",500,10,15,31,0,NA,12,1,0,0,0,NA,6.21460809842219
"2439",542,14,7,27,0,13,14,0,0,0,1,101,6.29526600143965
"67",570,13,12,31,0,8,12,0,1,1,1,93,6.3456363608286
"2448",400,13,5,24,0,12,12,0,0,0,1,115,5.99146454710798
"1438",550,11,12,29,0,5,12,1,1,0,1,NA,6.30991827822652
"744",1082,12,9,27,0,13,13,0,1,1,1,NA,6.98656645940643
"2698",260,8,10,24,1,NA,NA,1,0,1,0,NA,5.56068163101553
"152",577,16,8,30,0,8,10,0,1,0,1,115,6.3578422665081
"348",1192,17,4,27,0,8,6,0,1,1,1,122,7.0833878476253
"1600",438,13,11,30,1,NA,11,1,1,1,1,NA,6.08221891037645
"222",549,10,13,29,0,12,NA,0,1,1,1,80,6.30809844150953
"2875",230,6,17,29,1,1,5,1,0,1,0,NA,5.4380793089232
"2081",285,10,9,25,0,8,12,1,1,1,1,NA,5.65248918026865
"1806",300,6,19,31,1,NA,NA,1,0,0,1,NA,5.7037824746562
"1480",463,7,16,29,0,12,12,1,1,0,1,NA,6.13772705408623
"1503",357,14,9,29,1,NA,16,0,1,0,1,93,5.87773578177964
"1188",865,12,7,25,0,8,12,0,1,1,1,NA,6.76272950693188
"1124",706,12,13,31,0,5,8,0,1,1,1,115,6.55961523749324
"2744",513,10,10,26,1,NA,NA,1,0,0,1,NA,6.24027584517077
"1029",924,18,2,26,0,12,16,0,0,0,0,NA,6.82871207164168
"1900",351,12,10,28,1,6,7,1,0,1,0,88,5.86078622346587
"792",370,14,6,26,0,12,NA,0,1,0,1,NA,5.91350300563827
"2226",312,16,5,27,0,NA,NA,0,1,1,1,NA,5.74300318780948
"2435",294,14,6,26,0,10,12,0,1,0,0,109,5.68357976733868
"2985",300,12,8,26,1,0,7,0,1,0,0,NA,5.7037824746562
"295",500,14,13,33,0,12,12,0,1,1,1,79,6.21460809842219
"596",300,12,8,26,0,NA,12,0,0,0,0,96,5.7037824746562
"2665",275,11,8,25,1,11,10,0,1,0,0,76,5.61677109766657
"1762",505,17,1,24,0,12,16,1,0,0,0,95,6.22455842927536
"762",650,12,9,27,0,12,10,0,1,1,1,NA,6.47697236288968
"1432",538,11,10,27,0,16,12,1,1,0,1,NA,6.28785856016178
"502",625,12,8,26,0,10,10,0,1,0,0,101,6.4377516497364
"2973",900,13,9,28,0,9,16,1,0,0,0,NA,6.80239476332431
"816",561,12,9,27,1,NA,NA,0,1,0,1,68,6.3297209055227
"503",1010,16,9,31,0,9,12,0,1,0,0,105,6.9177056098353
"2668",625,12,10,28,1,NA,3,1,0,0,0,50,6.4377516497364
"2041",600,18,4,28,0,NA,4,1,0,0,1,101,6.39692965521615
"87",625,16,3,25,0,9,10,0,1,1,1,132,6.4377516497364
"1427",603,11,16,33,0,6,12,1,1,1,1,97,6.40191719672719
"795",311,18,3,27,0,9,12,0,1,0,1,82,5.73979291217923
"2507",460,10,10,26,1,12,2,1,1,0,1,NA,6.13122648948314
"2923",523,13,5,24,0,12,10,1,1,0,0,120,6.25958146406492
"130",615,16,7,29,0,13,12,0,0,0,1,106,6.42162226780652
"645",462,16,6,28,0,8,8,0,1,1,1,85,6.13556489108174
"349",625,14,6,26,0,7,6,0,1,1,1,98,6.4377516497364
"743",1026,17,4,27,0,18,18,0,1,1,1,124,6.93342302573071
"628",769,16,7,29,0,14,12,0,1,1,1,117,6.64509096950564
"1414",200,12,8,26,1,NA,7,1,1,1,1,NA,5.29831736654804
"110",625,12,15,33,0,NA,8,0,1,0,1,101,6.4377516497364
"1280",531,12,8,26,0,12,12,0,1,0,1,89,6.27476202124194
"181",613,12,8,26,1,12,9,0,1,1,1,85,6.41836493593621
"545",785,12,9,27,0,8,8,0,0,0,1,102,6.66568371778241
"2544",250,2,17,25,1,6,NA,1,0,1,0,NA,5.52146091786225
"1553",331,13,7,26,1,12,NA,1,1,1,1,86,5.80211837537706
"1167",520,16,2,24,0,12,12,0,1,1,1,137,6.25382881157547
"2730",333,11,13,30,1,9,7,1,0,0,1,NA,5.80814248998044
"271",577,16,5,27,0,12,12,1,1,0,1,112,6.3578422665081
"1635",378,12,8,26,0,7,10,1,1,1,1,80,5.93489419561959
"2211",538,12,11,29,0,7,12,0,1,0,1,102,6.28785856016178
"2639",433,12,7,25,0,7,8,1,1,0,0,106,6.07073772800249
"2815",331,12,9,27,0,5,7,1,0,0,0,83,5.80211837537706
"2811",250,11,9,26,1,6,11,1,0,0,0,NA,5.52146091786225
"2399",721,12,14,32,0,6,7,0,0,1,0,109,6.58063913728495
"916",460,12,7,25,0,NA,12,0,1,0,0,NA,6.13122648948314
"2020",619,12,11,29,0,9,12,1,1,1,1,NA,6.4281052726846
"1796",167,3,16,25,1,NA,5,1,0,0,1,NA,5.11799381241676
"1980",600,10,18,34,0,NA,10,1,1,1,1,NA,6.39692965521615
"2358",511,12,11,29,0,2,6,0,1,1,0,78,6.2363695902037
"1661",315,10,18,34,1,NA,NA,1,1,0,1,NA,5.75257263882563
"2410",693,14,8,28,0,12,10,0,0,0,0,97,6.5410299991899
"690",750,12,8,26,0,7,12,0,1,0,1,87,6.62007320653036
"1680",750,12,16,34,0,NA,NA,1,1,0,1,97,6.62007320653036
"1662",452,14,4,24,0,NA,NA,1,1,0,1,NA,6.11368217983223
"1462",245,12,13,31,1,NA,NA,1,1,1,1,NA,5.50125821054473
"842",800,11,14,31,0,NA,NA,0,1,0,1,97,6.68461172766793
"237",556,16,5,27,0,14,12,0,1,0,1,96,6.32076829425058
"1086",722,12,9,27,0,15,12,0,0,1,0,87,6.58202513889283
"2105",323,14,8,28,0,12,12,0,0,1,1,60,5.77765232322266
"2712",400,13,7,26,0,10,4,1,0,1,0,87,5.99146454710798
"2003",414,13,8,27,1,NA,4,0,1,0,1,73,6.02586597382531
"2454",450,16,8,30,0,12,9,1,1,0,1,112,6.10924758276437
"177",250,18,9,33,0,16,16,1,1,1,1,133,5.52146091786225
"1409",722,14,10,30,0,14,16,0,1,0,1,113,6.58202513889283
"2912",358,12,7,25,0,NA,12,1,1,0,0,NA,5.8805329864007
"1689",427,15,10,31,1,12,12,1,1,0,1,NA,6.05678401322862
"2919",409,12,7,25,0,7,9,1,0,0,0,114,6.0137151560428
"2696",732,16,3,25,1,13,NA,0,1,1,0,102,6.59578051396131
"1156",664,16,5,27,0,16,13,0,1,1,1,115,6.49828214947643
"2603",440,12,9,27,0,NA,8,1,0,0,0,73,6.08677472691231
"272",325,16,2,24,0,16,12,0,1,0,1,NA,5.78382518232974
"2498",425,12,7,25,1,10,8,1,1,0,1,NA,6.05208916892442
"754",467,12,6,24,1,16,12,0,1,1,1,108,6.1463292576689
"355",841,18,4,28,0,12,16,0,1,1,1,NA,6.73459165997295
"776",700,14,7,27,1,9,11,0,1,1,1,84,6.5510803350434
"433",555,17,4,27,0,14,12,0,1,1,1,122,6.31896811374643
"1335",620,12,9,27,0,11,12,0,0,0,0,97,6.42971947803914
"2756",438,9,12,27,0,2,2,1,1,1,0,NA,6.08221891037645
"278",543,9,19,34,1,12,NA,0,0,1,1,86,6.29710931993394
"2645",547,12,14,32,0,12,12,1,1,1,0,96,6.30444880242198
"2908",463,12,10,28,1,NA,NA,1,1,0,0,74,6.13772705408623
"1450",721,12,10,28,0,12,12,1,1,1,1,106,6.58063913728495
"981",645,12,6,24,0,NA,NA,0,1,0,1,NA,6.46925031679577
"1734",315,16,5,27,1,12,12,1,1,1,1,127,5.75257263882563
"2297",1029,14,14,34,0,15,10,0,1,1,1,NA,6.93634273583405
"1130",788,12,16,34,0,8,11,0,1,1,1,107,6.66949808985788
"2529",578,7,18,31,0,NA,NA,1,1,0,1,NA,6.35957386867238
"2489",526,16,3,25,0,14,12,1,1,1,0,NA,6.26530121273771
"420",437,16,5,27,0,16,12,0,1,1,1,106,6.07993319509559
"943",800,12,12,30,0,4,16,0,1,0,1,111,6.68461172766793
"1663",625,12,10,28,0,12,12,1,1,0,1,100,6.4377516497364
"1832",300,12,8,26,1,NA,7,1,0,0,0,NA,5.7037824746562
"1082",330,12,6,24,0,9,12,0,0,1,0,100,5.79909265446053
"2326",255,17,2,25,0,12,14,0,1,1,1,118,5.54126354515843
"1536",429,10,12,28,1,NA,9,1,1,1,1,57,6.06145691892802
"232",600,12,9,27,0,17,16,0,1,1,1,105,6.39692965521615
"2395",547,18,3,27,0,NA,NA,0,0,1,0,117,6.30444880242198
"983",445,13,7,26,0,NA,2,1,1,0,1,100,6.09807428216624
"878",601,15,4,25,0,12,11,0,1,0,1,137,6.39859493453521
"1288",385,16,2,24,0,12,12,0,0,0,0,NA,5.95324333428778
"1337",516,18,2,26,0,12,14,0,1,0,0,129,6.24610676548156
"506",426,12,10,28,0,7,7,0,1,0,0,90,6.05443934626937
"978",803,16,4,26,0,NA,16,0,1,0,1,125,6.68835471394676
"1312",750,14,13,33,0,NA,12,0,0,0,0,108,6.62007320653036
"2699",492,11,10,27,0,NA,NA,1,0,1,0,NA,6.19847871649231
"1994",375,12,6,24,0,12,12,1,1,0,1,NA,5.92692602597041
"53",434,10,8,24,0,5,NA,0,1,1,1,NA,6.07304453410041
"505",808,12,9,27,0,NA,11,0,1,0,0,NA,6.69456205852109
"1627",700,11,8,25,0,12,12,1,1,0,0,93,6.5510803350434
"193",289,16,3,25,0,12,14,0,0,1,1,128,5.66642668811243
"2294",610,12,6,24,0,12,NA,0,1,1,1,NA,6.41345895716736
"2150",693,14,4,24,1,2,NA,0,1,1,1,NA,6.5410299991899
"2904",333,12,9,27,1,NA,NA,0,1,1,0,98,5.80814248998044
"2653",289,12,15,33,1,NA,NA,1,0,0,1,75,5.66642668811243
"2362",631,12,9,27,0,12,16,0,1,0,1,92,6.44730586254121
"2110",1979,16,10,32,0,8,9,0,1,1,1,94,7.59034694560257
"2926",425,16,5,27,0,12,12,0,0,0,0,107,6.05208916892442
"2198",751,12,7,25,0,11,14,0,1,1,1,104,6.62140565176413
"1385",623,12,7,25,0,8,12,0,0,0,1,93,6.43454651878745
"1334",767,13,13,32,0,11,8,0,1,0,0,111,6.64248680136726
"863",1058,16,11,33,0,8,8,0,1,1,1,NA,6.96413561241824
"1554",397,11,9,26,1,NA,NA,1,1,1,1,NA,5.98393628068719
"337",1010,12,7,25,0,12,10,0,1,1,1,NA,6.9177056098353
"2880",333,10,14,30,1,NA,10,1,0,1,0,NA,5.80814248998044
"533",625,17,8,31,0,NA,NA,0,1,0,0,96,6.4377516497364
"290",438,12,6,24,0,9,9,0,1,1,1,NA,6.08221891037645
"1087",704,12,7,25,0,15,12,0,0,1,0,103,6.55677835615804
"608",385,13,5,24,0,12,NA,0,0,0,0,NA,5.95324333428778
"2387",449,14,6,26,0,12,13,0,1,0,0,115,6.10702288774225
"575",250,14,6,26,0,12,12,0,1,0,1,112,5.52146091786225
"1193",675,12,9,27,1,NA,NA,1,0,1,1,81,6.51471269087253
"1272",616,16,6,28,0,12,12,0,1,0,0,119,6.42324696353352
"2504",491,16,3,25,0,16,15,1,1,0,1,104,6.19644412779452
"1066",609,12,12,30,0,7,11,0,1,0,0,108,6.4118182677099
"2013",606,17,6,29,0,16,14,1,1,0,0,99,6.40687998606931
"809",962,17,11,34,0,8,8,0,1,0,1,99,6.86901445066571
"685",473,18,3,27,1,9,10,0,1,0,1,106,6.15909538849193
"1782",375,15,3,24,1,7,11,1,0,0,1,NA,5.92692602597041
"2959",225,10,13,29,0,16,5,1,0,0,0,90,5.41610040220442
"1598",673,17,6,29,1,13,13,1,1,1,1,NA,6.51174532964473
"220",529,13,9,28,0,NA,8,0,1,1,1,104,6.2709884318583
"2921",337,16,2,24,0,NA,NA,1,1,0,0,107,5.82008293035236
"517",440,13,6,25,0,12,12,0,0,0,0,109,6.08677472691231
"2801",650,12,9,27,1,3,6,0,0,0,0,NA,6.47697236288968
"2008",425,18,7,31,1,11,12,0,1,0,1,98,6.05208916892442
"1393",594,14,5,25,0,12,12,0,0,1,1,NA,6.38687931936265
"2543",168,9,18,33,1,4,10,1,0,1,0,NA,5.12396397940326
"2928",542,12,6,24,0,5,12,0,0,0,0,100,6.29526600143965
"1584",327,14,9,29,1,10,10,1,1,1,1,99,5.78996017089725
"2316",404,13,5,24,0,13,16,0,1,1,1,83,6.00141487796115
"1148",462,12,13,31,0,NA,8,0,0,0,1,120,6.13556489108174
"558",1000,13,5,24,0,16,14,0,1,1,0,NA,6.90775527898214
"1256",396,16,5,27,0,14,12,0,0,0,1,118,5.98141421125448
"860",641,16,11,33,0,13,12,0,1,1,1,119,6.46302945692067
"1482",638,12,9,27,1,5,9,1,1,0,1,NA,6.45833828334479
"2153",515,14,5,25,0,12,12,1,1,1,1,NA,6.24416690066374
"1201",1380,12,9,27,0,8,12,0,0,1,1,109,7.22983877815125
"1865",310,9,12,27,1,NA,NA,1,1,1,0,NA,5.73657229747919
"1151",641,14,5,25,0,15,12,0,1,1,1,98,6.46302945692067
"1811",278,12,6,24,0,12,12,1,1,0,0,NA,5.62762111369064
"1699",355,11,11,28,1,NA,8,1,1,0,1,NA,5.87211778947542
"1039",506,18,6,30,0,6,8,0,1,0,0,122,6.22653666928747
"888",1202,18,9,33,0,12,12,0,1,0,1,134,7.09174211509515
"1914",361,5,21,32,1,2,5,1,0,0,1,NA,5.88887795833288
"2357",577,12,13,31,0,8,12,0,1,1,0,69,6.3578422665081
"2553",418,12,6,24,0,9,12,1,0,1,0,NA,6.03548143252476
"377",529,12,14,32,1,6,8,0,1,1,1,NA,6.2709884318583
"2223",716,18,5,29,0,12,12,0,1,0,1,119,6.57368016696065
"1923",196,12,10,28,0,4,1,1,0,0,1,104,5.27811465923052
"1098",300,18,0,24,0,12,12,0,1,1,0,NA,5.7037824746562
"2716",475,12,8,26,1,2,NA,0,1,1,0,79,6.16331480403464
"1259",300,16,2,24,0,12,12,0,0,0,1,102,5.7037824746562
"72",545,12,8,26,0,6,11,0,1,1,1,72,6.30078579466324
"160",625,16,5,27,0,16,17,0,1,0,1,124,6.4377516497364
"2561",220,12,9,27,1,4,3,1,0,0,1,73,5.39362754635236
"2808",300,7,21,34,1,NA,NA,1,0,0,0,NA,5.7037824746562
"1439",797,16,2,24,0,16,12,1,1,0,1,NA,6.68085467879022
"1026",425,12,6,24,0,8,12,0,0,0,0,98,6.05208916892442
"1390",550,12,13,31,0,6,NA,0,0,1,1,109,6.30991827822652
"1504",385,12,12,30,1,NA,10,1,1,0,1,NA,5.95324333428778
"1574",624,10,18,34,0,NA,NA,1,1,1,1,NA,6.43615036836943
"1621",431,12,8,26,1,NA,NA,1,1,0,0,69,6.06610809010375
"664",1116,17,1,24,0,18,12,0,1,0,1,NA,7.01750614294126
"1248",524,12,11,29,0,NA,NA,0,0,0,1,90,6.26149168432104
"231",588,16,3,25,0,12,12,0,1,1,1,117,6.37672694789863
"2579",385,18,2,26,1,12,12,1,1,0,1,NA,5.95324333428778
"2227",200,11,8,25,0,10,10,0,1,1,1,107,5.29831736654804
"1210",815,12,9,27,0,8,11,0,1,0,0,NA,6.70318811324086
"2636",513,14,6,26,0,12,12,1,1,0,0,NA,6.24027584517077
"1411",452,10,12,28,0,8,6,1,1,0,1,NA,6.11368217983223
"1487",230,12,6,24,1,NA,NA,1,1,0,1,NA,5.4380793089232
"47",353,12,6,24,0,12,11,0,1,1,1,101,5.8664680569333
"1529",411,12,12,30,1,NA,9,1,1,1,1,89,6.01859321449623
"730",425,13,6,25,1,NA,10,0,1,0,1,NA,6.05208916892442
"58",740,16,10,32,0,12,12,0,1,1,1,113,6.60665018619822
"1886",535,13,5,24,0,12,12,1,1,0,1,NA,6.28226674689601
